V_GENE,CDR3_SEQ
TCRBV05-06,CASSSSGYSYEQYF
TCRBV05-06,CASSAGRPPLGYTF
TCRBV05-06,CASSFGLIIAYSQGYTF
TCRBV05-06,CASSMGLAGFEQYF
TCRBV05-06,CASSLAGNEQFF
TCRBV05-06,CASSLDLYGYTF
TCRBV05-06,CASSLTLAGVETVFYEQYF
TCRBV05-06,CASSPAILNTDTQYF
TCRBV05-06,CASSWGEAPSFLGF
TCRBV05-06,CASSWTSGNGEQFF
TCRBV05-06,CASSLDLHGYTF
TCRBV05-06,CASSPAILNTDTQYF
TCRBV05-06,CASSLDLLGLRETQYF
TCRBV05-06,CASSFRAMETQYF
TCRBV05-06,CASSLDDPDTQYF
TCRBV05-06,CASSPGSNTEAFF
TCRBV05-06,CASSLDGSTYGYTF
TCRBV05-06,CASSLGDNQPQHF
TCRBV05-06,CASTPDWWSSTDTQYF
TCRBV05-06,CASSLGRNPETQYF
TCRBV05-06,CASSLGRPPDTQYF
TCRBV05-06,CASSLVQGDTGELFF
TCRBV05-06,CASSPAGRYEQYF
TCRBV05-06,CASSLVQGDTGELFF
TCRBV05-06,CASSLAGGTGSYEQYF
TCRBV05-06,CASSLFTGELFF
TCRBV05-06,CASSLALSSWGQIDYGYTF
TCRBV05-06,CASTTTGTNRYEQYF
TCRBV05-06,CASSLGGTGYQPQHF
TCRBV05-06,CASSLGPYTEAFF
TCRBV05-06,CASSTGTGGADGYTF
TCRBV07-06,CASSPGVGLRATYEQYF
TCRBV07-06,CASSLFAGGQQYEQFF
TCRBV07-06,CASSLLLGGRNTDTQYF
TCRBV07-06,CASSLPG*RDSYEQYF
TCRBV07-06,CASSLVWSGGRASETQYF
TCRBV07-06,CASSSRRGRVADTQYF
TCRBV07-06,CASSLTISSYNEQFF
TCRBV07-06,CAIPVLAGVNTGELFF
TCRBV07-06,CASSLARTSGSLRQETQYF
TCRBV07-06,CASSLTGVTEAFF
TCRBV07-06,CASTLERGQRTEVWTGELFF
TCRBV07-06,CASSSWETQYF
TCRBV07-06,CASSLTNSGGTHGELFF
TCRBV07-06,CASSLRTGLGGELFF
TCRBV07-06,CASSPWTGNDYGYTF
TCRBV07-06,CASSSSTGHLQD*SREQYF
TCRBV07-06,CASSSLDSSGNTIYF
TCRBV07-06,CASSLAFRGEESPLHF
TCRBV10-01,CASSDWV*WTS*LAKKGEQFF
TCRBV10-01,CASRNSGD*IQETQYF
TCRBV10-01,CASSDPGGTGELFF
TCRBV10-01,CASSAQPLRREYTDTQYF
TCRBV10-01,CASSATKGGTGNEQFF
TCRBV10-01,CASSLQPDPDTQYF
TCRBV10-01,CASSATKGGTGNEQFF
TCRBV10-01,CASGTADGGPNTGELFF
TCRBV10-01,CASSEFFRQRT*VGD
TCRBV12-05,CASGLFGGGLGETQYF
TCRBV12-05,CASGPGLYGYTF
TCRBV12-05,CATGSPYEQYF
TCRBV12-05,CASGPASGGVNEQFF
TCRBV12-05,CASGLDRETQYF
TCRBV12-05,CASGLTGGTGELFF
TCRBV12-05,CASGLGPQGARSAKNIQYF
TCRBV12-05,CASGGGQGAYNEQFF
TCRBV27-01,CASSHGGDTEAFF
TCRBV27-01,CASSLAVRADTEAFF
TCRBV27-01,CASSSLLSYEQYF
TCRBV27-01,CASSLSGLETQYF
TCRBV27-01,CASSTLSGGLDEQYF
TCRBV27-01,CASSLFPSSGRAVHNEQFF
TCRBV27-01,CASSLTSGGIETQYF
TCRBV27-01,CASRTTTGELFF
TCRBV27-01,CARGGRYSNQPQHF
TCRBV27-01,CASSLFGGQETQYF
TCRBV27-01,CASSLSYSGANVLTF
TCRBV27-01,CASSPGFVTDTQYF
TCRBV27-01,CASSLRAGEYMGEQYF
TCRBV27-01,CASSHGLVVEQYF
TCRBV27-01,CASSKSGRAGGELFF
TCRBV27-01,CARF*SPYQETQYF
TCRBV27-01,CASSFGLAGGGEQFF
TCRBV27-01,CASSLNGGRDTQYF
TCRBV27-01,CASSLRAGAQYF
TCRBV27-01,CASSFREGTSGSYNEQFF
TCRBV27-01,CASSLFSGRTPIPAGELFF
TCRBV27-01,CASSHGLVVEQYF
TCRBV27-01,CASSPGTSGTFDTQYF
TCRBV27-01,CASSPLSSGSFEQFF
TCRBV27-01,CASSPLSREQYF
TCRBV27-01,CASSYGVGSSYNSPLHF
TCRBV27-01,CASSKHGPNTEAFF
TCRBV27-01,CASSPGSRTDTQYF
TCRBV27-01,CASSSGTPGKNIQYF
TCRBV27-01,CASTPRDSNEKLFF
TCRBV27-01,CASRPMMHYNEQFF
TCRBV27-01,CASSLSVPLRNEQFF
TCRBV27-01,CASSSSKGGVGYNEQFF
TCRBV27-01,CASSS*PSSYNEQFF
TCRBV27-01,CASSLSYSGANLLTF
TCRBV27-01,CASSLRRTGESSPLHF
TCRBV27-01,CASSSTPGQGFYNEQFF
TCRBV27-01,CASSLTAFPNQPQHF
TCRBV27-01,CASSPWTGGNQPQHF
TCRBV27-01,CASSSGTDFEQFF
TCRBV27-01,CASASTRGTGRAYSNQPQHF
TCRBV27-01,CASSRSGWAGENGYTF
TCRBV27-01,CASSLSRGPEFF
TCRBV27-01,CASSLFGNRDREGYGYTF
TCRBV27-01,CASRLRPGTGESEAFF
TCRBV27-01,CASGLAGQLYEQYF
TCRBV27-01,CASSLGQGGTEAFF
TCRBV27-01,CASSFFNQPQHF
TCRBV27-01,CASSLFLVDRVNQPQHF
TCRBV27-01,CASSWTGTYEQYF
TCRBV27-01,CASSWGQGRAFF
TCRBV27-01,CASSWGTENEQFF
TCRBV04-02,CASSQGLAPGELFF
TCRBV04-02,CASSQDSLNTEAFF
TCRBV04-02,CASSQEVASGGADTQYF
TCRBV04-02,CASSQAYGGLSEAFF
TCRBV04-02,CASSQLDSGIPSYEQYF
TCRBV04-02,CASSQEAGLAGFTDTQYF
TCRBV04-02,CASSQVTGVGYEQYF
TCRBV04-02,CASSQEGAPRAGEFRSTDTQYF
TCRBV04-02,CASSQVTGVGYKQYF
TCRBV04-02,CASSRTGLAAEQYF
TCRBV04-02,CASSQLGGPTEAFF
TCRBV04-02,CASSQSPGASYEQYF
TCRBV04-02,CASSQDIWVGELFF
TCRBV04-02,CASSQDEGSRNEQFF
TCRBV04-02,CASSQGPTDTQYF
TCRBV04-02,CASSQAAGEAFF
TCRBV04-02,CASSQVKGTLPLHF
TCRBV06-04,CASSQEVGGNQPQHF
TCRBV06-04,CASSEGTSVGRDEQFF
TCRBV06-04,CASSDDFGDSPLHF
TCRBV06-04,CASSEGTSVGRDQQFF
TCRBV06-04,CASRGGWAKNIQYF
TCRBV06-04,CASSDDQSDGYTF
TCRBV06-04,CASSVGQGMSEAFF
TCRBV12-03,CASSTSTGELFF
TCRBV12-03,CASRSTSGGYEQYF
TCRBV12-03,CASSLSGRVLKQFF
TCRBV12-03,CASSLGLAAYEQYF
TCRBV12-03,CASSTLRGRDQPQHF
TCRBV12-03,CASSRGRVTEAFF
TCRBV12-03,CASSSRGLANYEQYF
TCRBV12-03,CASTLLAGGHYEQYF
TCRBV12-03,CASTVAGGPYNEQFF
TCRBV12-03,CASSLRALAGGLISTDTQYF
TCRBV12-03,CASSLLLVGLFF
TCRBV12-03,CASSLSSRLSNQPQHF
TCRBV12-03,CASSLATYNEQFF
TCRBV12-03,CASSFPRETQYF
TCRBV12-03,CASSMTSGSHNEQFF
TCRBV12-03,CASSLFAGYSSLTDTQYF
TCRBV12-03,CASSFTSGSGNEQFF
TCRBV12-03,CASSLRALAGGLISTDPQYF
TCRBV12-03,CASSYAGTYQETQYF
TCRBV12-03,CASSSAGEYQETQYF
TCRBV12-03,CATGRGAAFF
TCRBV12-03,CASSSVGGYQETQYF
TCRBV12-03,CASSLGEGNTEAFF
TCRBV12-03,CASRVGLNTGELFF
TCRBV12-03,CASRNREIDTEAFF
TCRBV12-03,CASSLEVRQPQHF
TCRBV12-03,CASSLGVSDEQYF
TCRBV12-03,CASSFGVTQPQHF
TCRBV12-03,CASSFARNTIYF
TCRBV12-03,CASSLGPEALEQFF
TCRBV12-03,CASSWVVSIPPNYGYTF
TCRBV12-03,CASSPFQTQWTEAFF
TCRBV12-03,CASSFAGTYQETQYF
TCRBV12-03,CASSWGSQNEQFF
TCRBV12-03,CASSFWNLGSSYEQYF
TCRBV12-03,CASSLGSLNEKLFF
TCRBV12-03,CASTWDGTKNIQYF
TCRBV12-03,CASSLLLSSYNEQFF
TCRBV12-03,CASSPPYSTDTQYF
TCRBV12-03,CASSLSTNRYGYTF
TCRBV12-03,CASSFNEQFF
TCRBV12-03,CASLAFPSKSSYNEQFF
TCRBV12-03,CASSSDRGQYEQYF
TCRBV12-03,CASNRGQEKLFF
TCRBV12-03,CASSLKLTAQDIGEAFF
TCRBV12-03,CASSSGGTRTEAFF
TCRBV12-03,CASRLGTVNSPLHF
TCRBV12-03,CASTTTGTAYGYTF
TCRBV12-03,CASSSLGQGVWYEQYF
TCRBV12-03,CASSLNRANTEAFF
TCRBV12-03,CASSLGQHYGYTF
TCRBV12-03,CASSLSRDQETQYF
TCRBV12-03,CASRGQGGNQPQHF
TCRBV12-03,CASSIATNEKLFF
TCRBV12-03,CASSLGPGAQHF
TCRBV12-03,CASSLSTNRYGYTF
TCRBV12-03,CASSGVLGAHYNSPLHF
TCRBV12-03,CASSLSQLTEAFF
TCRBV12-03,CASSFQGTYQETQYF
TCRBV12-03,CASSLGAGGNSGNTIYF
TCRBV12-03,CASSLWAGGEDTQYF
TCRBV12-03,CASTDRVGDTQYF
TCRBV12-03,CASSLQGNYGYTF
TCRBV13-01,CASSLPPGLDLYNEQFF
TCRBV13-01,CASSGGGNTEAFF
TCRBV13-01,CASSRGRQTSGGLQETQYF
TCRBV13-01,CASSFPGLAVTYEQYF
TCRBV13-01,CASSLRTIKETQYF
TCRBV13-01,CASSLGGGNTEAFF
TCRBV13-01,CASSRRLAGISTDTQYF
TCRBV13-01,CASSLGGGNTEAFF
TCRBV13-01,CASSLGGGNTGELFF
TCRBV13-01,CASSLAGDSYEQYF
TCRBV13-01,CASNQRALGAKNIQYF
TCRBV13-01,CASSLSPGTRLTGELFF
TCRBV13-01,CASSLGRSTQYF
TCRBV13-01,CASSLRQLQETQYF
TCRBV13-01,CASSLSGEQFF
TCRBV13-01,CASSHMGRERTQYF
TCRBV13-01,CASSLRSLSTDTQYF
TCRBV13-01,CASSLGGGNTGELFF
TCRBV13-01,CASSLGPITGELFF
TCRBV13-01,CASRVQGAFFYQQYF
TCRBV13-01,CASRVQGAFFYEQYF
TCRBV13-01,CASSLRQLQETQYF
TCRBV13-01,CASSLRQIQETQYF
TCRBV13-01,CASSSFTGSNSPLHF
TCRBV13-01,CASRVQGAFFYEQYF
TCRBV13-01,CASSLEQGVNTGELFF
TCRBV13-01,CASSIRALEQPQHF
TCRBV13-01,CASSLGPITGELFF
TCRBV25-01,CASSFRSSTDTQYF
TCRBV25-01,CASSVRD*RWNEQFF
TCRBV25-01,CAGSVRD*RWNEQFF
TCRBV25-01,CASMWGNTEAFF
TCRBV25-01,CASSEWGNTEAFF
TCRBV25-01,CASSPLGRDGKNTEAFF
TCRBV25-01,CASSVGSPYEQYF
TCRBV25-01,CASSEWGPLVGRYF
TCRBV25-01,CASSGDRAFEQYF
TCRBV25-01,CASSGYRGLGTGELFF
TCRBV25-01,CASSEKGAAYEQYF
TCRBV04-03,CASSQDTFSGSSTDTQYF
TCRBV04-03,CASSQDIGSGSNQPQHF
TCRBV04-03,CASSQEHLAAFYNEQFF
TCRBV04-03,CASSQGLVYSYNEQFF
TCRBV04-03,CASSQDYPSGRHEQYF
TCRBV04-03,CASSQVGRGTSRGYTQYF
TCRBV04-03,CASSQDLARNEQFF
TCRBV04-03,CASSQAQTSNHEQFF
TCRBV04-03,CASSQDNARGGSTDTQYF
TCRBV04-03,CASSRRLADSYNEQFF
TCRBV04-03,CASSPSGANVLTF
TCRBV04-03,CASSQDNARGGSTDTQYF
TCRBV04-03,CASSQDKARGGSTDTQYF
TCRBV04-03,CASSQGRYNEQFF
TCRBV04-03,CASSQESRAILNEQFF
TCRBV04-03,CASSQVPFNTEAFF
TCRBV04-03,CASSQAQNSPLHF
TCRBV04-03,CASSQVPFNTEAFF
TCRBV04-03,CASSQDQGPYNEQFF
TCRBV04-03,CASRQGSSGANVLTF
TCRBV04-03,CASSQDLLTANILNTQYF
TCRBV04-03,CASSPGQGKSQGPEAFF
TCRBV04-03,CASSQSFRDRGYNEQFF
TCRBV05-05,CASSSSGSSTDTQYF
TCRBV05-05,CASSLGVGSNQPQHF
TCRBV05-05,CASSLQDSTDTQYF
TCRBV05-05,CASSHMDRETQYF
TCRBV05-05,CASSWGPEYEQYF
TCRBV05-05,CASSLVSTDTQYF
TCRBV05-05,CASSVGTGRQETQYF
TCRBV05-05,CASSRTGTGNTIYF
TCRBV05-05,CASSQGGTQYF
TCRBV05-05,CASSPEGNQPQHF
TCRBV05-05,CASSWGPEYEQYF
TCRBV06-01,CASIGGAVYGYTF
TCRBV06-01,CASSEGPGLALGGEQYF
TCRBV06-01,CASSGDSDEQFF
TCRBV06-01,CASSESIGTRLGNTIYF
TCRBV06-01,CASRPSGRLYEQYF
TCRBV06-01,CASSEALRLAGGWGSTDTQYF
TCRBV06-01,CASSESIGTRLGNPIYF
TCRBV06-01,CASSEVGVPKGSYGYTF
TCRBV06-01,CASRYLKESPLHF
TCRBV06-01,CASSPGTGFNEQFF
TCRBV06-01,CASSLGEVAEAFF
TCRBV06-01,CASCGTADSPLHF
TCRBV06-01,CASRQYNEQFF
TCRBV06-01,CASSLQDNRNEKLFF
TCRBV06-01,CASSGPRDRINYGYTF
TCRBV06-01,CASTPRTGGYEQYF
TCRBV06-01,CASSIRGPGDEYF
TCRBV06-01,CASSLGGVAEAFF
TCRBV06-01,CASSTRQGGNYGYTF
TCRBV06-01,CASWRQGAGYTF
TCRBV06-01,CASSDRDTWRTEAFF
TCRBV06-01,CASSTQKGYEQYF
TCRBV06-01,CASSGTGAYEQYF
TCRBV07-03,CASSLSGGAGNEQFF
TCRBV07-03,CASSSLGLRGETQYF
TCRBV07-03,CASSLSGSSDTQYF
TCRBV07-03,CASSSAGRNTEAFF
TCRBV07-03,CASSVPGTSGPGEQFF
TCRBV07-03,CASSLRMG*RGEETQYF
TCRBV07-03,CASSLSGGGPYEQYF
TCRBV07-03,CASSLGLRYEQYF
TCRBV07-03,CASSPGASGTLGGELFF
TCRBV07-03,CASSVELAEYNEQFF
TCRBV07-03,CASRPGGRADNEQFF
TCRBV07-03,CASSPKRAGFYEQFF
TCRBV07-03,CASSPN*REGTDTQYF
TCRBV07-03,CASSPSGSGGDTQYF
TCRBV07-03,CASSLTPSGRHNEQFF
TCRBV07-03,CASSLGFKVTDEQFF
TCRBV07-03,CASSFQSYTEAFF
TCRBV07-03,CASSLYGGEGGTQYF
TCRBV07-03,CASSRLSGANVLTF
TCRBV07-03,CASSLTPWGASGELFF
TCRBV07-03,CASSLTGTPNNEQFF
TCRBV07-03,CASSVDSAFYNEQFF
TCRBV07-03,CASSLGQNYGYTF
TCRBV07-03,CASSSFPSTTGWNEQFF
TCRBV07-03,CASSLMAGGTDTQYF
TCRBV07-03,CASSLSTDTQYF
TCRBV07-03,CASSLIGVRDTQYF
TCRBV07-03,CASSLTGSPSYGYTF
TCRBV28-01,CASSLLSGDVLQETQYF
TCRBV28-01,CASSPPPGSKSNQPQHF
TCRBV28-01,CASRRWGGAYEQYF
TCRBV28-01,CASSTGGGYTF
TCRBV28-01,CASSLVGGSGNQPQHF
TCRBV28-01,CASPTPEAFF
TCRBV28-01,CAITGGPGYTF
TCRBV28-01,CASSLHFGTPHYEQYF
TCRBV28-01,CASSETFFLAYEQYF
TCRBV28-01,CASSLQREFIDTQYF
TCRBV28-01,CASAPNLGRGSSYEQYF
TCRBV28-01,CASSDRNLGDVDTGELFF
TCRBV28-01,CASRTRTSGRDRPDTQYF
TCRBV28-01,CASSLRREFNEQFF
TCRBV28-01,CASSSPQREQFF
TCRBV28-01,CASSETFFLAYEQYF
TCRBV28-01,CASSLSISYEQYF
TCRBV28-01,CASSLGEVRETQYF
TCRBV28-01,CASSRLWTEAFF
TCRBV28-01,CASSLSTEAFF
TCRBV28-01,CASSLTARAYEQYF
TCRBV28-01,CASSYGRGTSTDTQYF
TCRBV28-01,CASKWQGPGELFF
TCRBV28-01,CASSLSGWDRTSYEQYF
TCRBV28-01,CASSSWGRGNEQFF
TCRBV28-01,CASSLSGWDRTSYQQYF
TCRBV28-01,CASSTPQGPGELFF
TCRBV28-01,CASSFVGTGNTEAFF
TCRBV28-01,CASNFMAGGSGELFF
TCRBV28-01,CASSPDPGSVL*EQFF
TCRBV28-01,CASTLRGTGAGYGYTF
TCRBV28-01,CASGEDRGYTGELFF
TCRBV28-01,CASSPRQGAGWDTQYF
TCRBV28-01,CASRSAGPNPRQGANYGYTF
TCRBV28-01,CASSLDRTYGYTF
TCRBV28-01,CVAGTFTYEQYF
TCRBV28-01,CASSLTQSNYGYTF
TCRBV28-01,CASSPSSPRANTEAFF
TCRBV28-01,CASRGDRGQPQHF
TCRBV28-01,CASSLDSNYGYTF
TCRBV28-01,CASSLGTTYNEQFF
TCRBV28-01,CASSLRSGGSEKLFF
TCRBV28-01,CASVPPTQQGSYEQYF
TCRBV28-01,CASSLPTGGAGEAFF
TCRBV28-01,CASSLVQEGPWETQYF
TCRBV28-01,CASSPRQYQPQHF
TCRBV28-01,CASSFARTGISGNTIYF
TCRBV28-01,CASSHRETGSSYEQYF
TCRBV30-01,CAWRKSGGNQPQHF
TCRBV30-01,CAWSVLSEAFF
TCRBV30-01,CAWSVMSETQYF
TCRBV30-01,CAWSVLAEAFF
TCRBV30-01,CAWSKWGLNTEAFF
TCRBV30-01,CAWSGGTTEAFF
TCRBV30-01,CAWSLPALQYF
TCRBV30-01,CAWSVRDDQPQHF
TCRBV30-01,CAWSEPGFGQFF
TCRBV30-01,CAWSVLGGWSSTDTQYF
TCRBV30-01,CAWSSPSPLHF
TCRBV30-01,CAWSRGQLPRRGEKLFF
TCRBV30-01,CAWKSPGQGSTGELFF
TCRBV30-01,CAWRDRGSEKLFF
TCRBV30-01,CAWSVGSTDTQYF
TCRBV30-01,CARRKQGATSYGYTF
TCRBV30-01,CAWIPSRRGP*ETQYF
TCRBV30-01,CAWGQGYGYTF
TCRBV30-01,CACTSTGNMNTEAFF
TCRBV30-01,CAWRPFTAPYGYTF
TCRBV30-01,CAWRLFGQPYGYTF
TCRBV30-01,CAWILRERVGSYGYTF
TCRBV30-01,CAWRITTGGNYGYTF
TCRBV30-01,CAWSGGTTEAFF
TCRBV30-01,CAWIPGTGSRDGYTF
TCRBV06-02,CASSSVGLAYEQYF
TCRBV06-02,CASSYIGTSTDTQYF
TCRBV06-02,CASSPYTYEQYF
TCRBV06-02,CATRPPSTYNEQFF
TCRBV06-02,CASIKNGDSLNNEQFF
TCRBV06-02,CASSPNNRDWGGMGFF
TCRBV06-02,CASSYPTPEAFF
TCRBV06-02,CASSYGHREQFF
TCRBV06-02,CASSYAPHYGYTF
TCRBV06-02,CASSYPATQYF
TCRBV06-02,CATGRRKLAKNIQYF
TCRBV06-02,CASSLRQGNSPLHF
TCRBV06-02,CASSQGRTKIYF
TCRBV06-02,CASCTDRDYLTEAFF
TCRBV06-02,CASHKRDQETQYF
TCRBV06-02,CASTIGTVHGGYTF
TCRBV06-02,CATRQGQATNEKLFF
TCRBV06-02,CASWVGHPAYEQYF
TCRBV06-02,CASS*GQGPVYGYTF
TCRBV06-02,CASSYEGPGRANYGYTF
TCRBV06-02,CASSRQGTVYGYTF
TCRBV06-02,CASSPHGSRGNIQYF
TCRBV06-02,CASSYDGQALYRNEQFF
TCRBV07-02,CASSPGTSYSYEQYF
TCRBV07-02,CASSPSGPYEQYF
TCRBV07-02,CASSSRGLAGGDVTQYF
TCRBV07-02,CASSLAGIGNQPQHF
TCRBV07-02,CASSSRYISYEQYF
TCRBV07-02,CASSSASGGYEQYF
TCRBV07-02,CASSWAGLAGGNEQFF
TCRBV07-02,CASSLNSWSSTDTQYF
TCRBV07-02,CASSLEASGRIIWYTQYF
TCRBV07-02,CASSQGGRYEKLFF
TCRBV07-02,CASSPKGLAVGGTQYF
TCRBV07-02,CASSSGWTSFTDTQYF
TCRBV07-02,CASSLLLAVPVPDTQYF
TCRBV07-02,CASSHTSGLGNEQFF
TCRBV07-02,CASSFAVGRDGENTEAFF
TCRBV07-02,CASSVERLGLTDTQYF
TCRBV07-02,CASTESTNTEAFF
TCRBV07-02,CASSPLGAIYEQYF
TCRBV07-02,CASSKGLGQPQHF
TCRBV07-02,CASSLFGRNYEQYF
TCRBV07-02,CASSLGGSYEQYF
TCRBV07-02,CASSLGSDTQYF
TCRBV07-02,CASSLAGTSKEAQYF
TCRBV07-02,CASSLTTDTQYF
TCRBV07-02,CASSLQGSYGYTF
TCRBV07-02,CASSPLGVTETQYF
TCRBV07-02,CASSLGLQETQYF
TCRBV07-02,CASSRGGLNTEAFF
TCRBV07-02,CASSLRYRDRGADTQYF
TCRBV07-02,CASSPQGYGYTF
TCRBV07-02,CASSLAGTGGAAKTQYF
TCRBV07-02,CASS*TGQGKK*QTCKMYF
TCRBV07-02,CASSQRGWDRAYEQYF
TCRBV07-02,CASSPAGDDYGYTF
TCRBV07-02,CASSSIHNVPGLETQYF
TCRBV07-02,CASSSVPGGTYEQYF
TCRBV07-02,CASSLEIQEKLFF
TCRBV07-02,CASSQLTGQYLNTEAFF
TCRBV07-02,CASSTQEGAYEQYF
TCRBV07-02,CASSLGAGRRQPQHF
TCRBV10-03,CAISAAGGVDEQFF
TCRBV10-03,CAISKTSGITYEQYF
TCRBV10-03,CAIGLAGPFETQYF
TCRBV10-03,CAISDTYSYEQYF
TCRBV10-03,CAIRAGGQETQYF
TCRBV10-03,CAISPSGVKGYEQYF
TCRBV10-03,CATNLAGLNTGELFF
TCRBV10-03,CATSSGGLADTQYF
TCRBV10-03,CATGGGGNEQFF
TCRBV10-03,CAISGDGGNQPQHF
TCRBV10-03,CAISERENTEAFF
TCRBV10-03,CAINVQNYGYTF
TCRBV10-03,CAISEVLGSSPLHF
TCRBV10-03,CAVRQGTEAFF
TCRBV10-03,CAISPQGLGIDTQYF
TCRBV10-03,CAIGADSNQPQHF
TCRBV10-03,CAISEGQGHEQYF
TCRBV10-03,CAISTGASAFF
TCRBV10-03,CAIRGETANTEAFF
TCRBV15-01,CATSRDGILAGLTGELFF
TCRBV15-01,CATSRGRGSYGYTF
TCRBV15-01,CATSSFSGTVKETQYF
TCRBV15-01,CATSRGGLAGFLGTDTQYF
TCRBV15-01,CATSRGPSGRFNEQFF
TCRBV15-01,CATSRDGGDTQYF
TCRBV15-01,CATSRGRGRAGETQYF
TCRBV15-01,CATSSFSGTVKETQYF
TCRBV15-01,CATSRDLGNMNTEAFF
TCRBV15-01,CATKESLAKNIQYF
TCRBV15-01,CATSRVMVDTQYF
TCRBV15-01,CATSRGMDGGEYNSPLHF
TCRBV15-01,CATSTTGRVETQYF
TCRBV15-01,CATSRGQGRDGYTF
TCRBV15-01,CATSRDIGTDISYEQYF
TCRBV15-01,CATSRD*GQGVDPNQPQHF
TCRBV15-01,CATSSFASRGRTEAFF
TCRBV15-01,CATSRGQGRDGYTF
TCRBV15-01,CATSRGGPVYGYTF
TCRBV15-01,CATAQGTANYGYTF
TCRBV15-01,CATSRETGFEAFF
TCRBV15-01,CATSSRDRSAYEQYF
TCRBV09-01,CASSVARRPLAGDYNEQFF
TCRBV09-01,CASSVSSGVDTQYF
TCRBV09-01,CASSEGAGASGELFF
TCRBV09-01,CASSED*REGITYNEQFF
TCRBV09-01,CASSVDGSGGTTDTQYF
TCRBV09-01,CASSVRPTLANYGYTF
TCRBV09-01,CASSTSGASSGNTIYF
TCRBV09-01,CASSAQLDGDILSGANVLTF
TCRBV09-01,CASSLEGTPGGEETQYF
TCRBV09-01,CASSVAPLAANTGELFF
TCRBV09-01,CASSVVPGL*ETQYF
TCRBV09-01,CASSVSLWTLGSGNEQFF
TCRBV09-01,CASSASGDYYGYTF
TCRBV09-01,CASSNYQRGGADTQYF
TCRBV09-01,CASSVAVAENTYEQYF
TCRBV09-01,CASSGTSGIYNEQFF
TCRBV09-01,CASSSSGTNTGELFF
TCRBV09-01,CASSVGTSGRERQFF
TCRBV09-01,CASSPEAGLNVLTF
TCRBV09-01,CASSVGLAGVSNTGELFF
TCRBV09-01,CASSVAGAGSYNEQFF
TCRBV09-01,CASSAGPGGIQYF
TCRBV09-01,CASSVSSGVDTQYF
TCRBV09-01,CASSNYQRGGADTQYF
TCRBV09-01,CASSTSGASSGNTIYF
TCRBV09-01,CASSRTGRTEAFF
TCRBV09-01,CASRDGSLVDGYTF
TCRBV09-01,CASSVTPLGNGYTF
TCRBV09-01,CASSRLAPGDTGELFF
TCRBV09-01,CASSVGSITDTQYF
TCRBV09-01,CASTGDNTGELFF
TCRBV09-01,CASSVLGNTGELFF
TCRBV09-01,CASSGDGISGNTIYF
TCRBV09-01,CASSVWGITDTQYF
TCRBV09-01,CASSPWGRLSSSYEQYF
TCRBV09-01,CASSVGSITDTQYF
TCRBV09-01,CASSVDGVTGELFF
TCRBV09-01,CASSGTGGGSEAFF
TCRBV09-01,CASSVDGQGRREQYF
TCRBV09-01,CASGTGGYEQYF
TCRBV09-01,CASSVEGQGFSYGYTF
TCRBV09-01,CASSGTGGGSEAFF
TCRBV09-01,CASSVAGRAREYNEQFF
TCRBV09-01,CASSTPQGATDVSSPLHF
TCRBV09-01,CASRDREGGPQHF
TCRBV09-01,CASRQGAHGYTEAFF
TCRBV09-01,CASSVVQGQNTEAFF
TCRBV09-01,CASGAGHNKQYF
TCRBV09-01,CASSEPRQGNTEAFF
TCRBV09-01,CASSAGQGNEKLFF
TCRBV09-01,CASSGDRDYGYTF
TCRBV11-02,CASSLIPERGETQYF
TCRBV11-02,CASSLVPEKLFF
TCRBV11-02,CASSLGGGTDTQYF
TCRBV11-02,CASSARNERLINTGELFF
TCRBV11-02,CASRRRLAGYELGNEQFF
TCRBV11-02,CASSSLTGTTQETQYF
TCRBV11-02,CASSLDRWVAGKYNEQFF
TCRBV11-02,CASSFTSGRVDTQYF
TCRBV11-02,CASSLAGQPQHF
TCRBV11-02,CASSPSRNEQFF
TCRBV11-02,CASSFDETQYF
TCRBV11-02,CASSPGGAGYGETQYF
TCRBV11-02,CASSPSRNEQFF
TCRBV11-02,WASSPSRNEQFF
TCRBV11-02,CASSLVSGTSTDTQYF
TCRBV11-02,CASSHREMRSPLHF
TCRBV11-02,CASSLVPIGTATDTQYF
TCRBV11-02,CASSFSSSYEQYF
TCRBV11-02,CASSLVRADEQFF
TCRBV11-02,CASSSRQGNEKLFF
TCRBV11-02,CASSSRTGVHEQYF
TCRBV11-02,CASSPGPLRGEQFF
TCRBV11-02,CASSLE*LAGQTYEQYF
TCRBV11-02,CASSLGGVNTEAFF
TCRBV11-02,CASSPQGASYEQYF
TCRBV11-02,CASSLGGAEGYTF
TCRBV11-02,CASSRANVLTF
TCRBV05-08,CASSFVPGNQPQHF
TCRBV05-08,CASSLYQGTRRREQYF
TCRBV05-08,CASSLVKGRSAKNIQYF
TCRBV05-08,CASSLEAVTQYF
TCRBV05-08,CASSKTGGSDQPQHF
TCRBV05-08,CASSSGTGHNEQFF
TCRBV05-08,CASSLQPQGSNSYEQYF
TCRBV05-08,CASSLKATRVGTGELFF
TCRBV05-08,CASSLRGLNSPLHF
TCRBV23-01,CASSRRTGVSVVSSYEQYF
TCRBV23-01,CASNRARDEYSNQPQHF
TCRBV23-01,CASSQRTQGNEQFF
TCRBV23-01,CASSPLVQGA*PEQYF
TCRBV23-01,CASSR*GYEQYF
TCRBV24-01,CATSGDRGTEAFF
TCRBV24-01,CATKDGLAGITGELFF
TCRBV24-01,CATSEGTYNEQFF
TCRBV24-01,CATSDPPGQAKGANVLTF
TCRBV24-01,CATSDETGLNEQFF
TCRBV24-01,CATSASVPETQYF
TCRBV24-01,CATITDRVDQPQHF
TCRBV24-01,CATSDPRDTEAFF
TCRBV24-01,CATSEQDNYGYTF
TCRBV06-05,CASSYSYWNTEAFF
TCRBV06-05,CASSRLALYNEQFF
TCRBV06-05,CASSPESRLALMPFF
TCRBV06-05,CASQISGSYEQYF
TCRBV06-05,CASSLTSGGADTQYF
TCRBV06-05,CASTHLSSGRKTQYF
TCRBV06-05,CASSYSPGSPLHF
TCRBV06-05,CASSPGGLEETQYF
TCRBV06-05,CASSRGTSGRDTQYF
TCRBV06-05,CASSYSRETQYF
TCRBV06-05,CASPWRE*NIQYF
TCRBV06-05,CASSYNSPGGELFF
TCRBV06-05,CAAGLGVGANVLTF
TCRBV06-05,CASSYVGREQYF
TCRBV06-05,CASSYRGSYEQYF
TCRBV06-05,CASRTGPYEQFF
TCRBV06-05,CASSSGAFFGNTIYF
TCRBV06-05,CASSYNSNQPQHF
TCRBV06-05,CASSYSYSTDTQYF
TCRBV06-05,CASRGGGQRSSPLHF
TCRBV06-05,CASSYGDRHADTQYF
TCRBV06-05,CASSAPGTVKYEQYF
TCRBV06-05,CASRAGGTDTQYF
TCRBV06-05,CASSFYQAPNTEAFF
TCRBV06-05,CASSFHRGHSGNTIYF
TCRBV06-05,CASSYRDRHTDTQYF
TCRBV06-05,CASSYSSWGRVYEQYF
TCRBV06-05,CASRPGYSYGYTF
TCRBV06-05,CASSRTGVNEKLFF
TCRBV06-05,CASSSWTGAAGYTF
TCRBV06-05,CASSYDTLNTEAFF
TCRBV06-05,CASSPLGGAYEQYF
TCRBV06-05,CASKGQSYEQYF
TCRBV06-05,CASRRADHYEQYF
TCRBV06-05,CASSSFRENYGYTF
TCRBV06-05,CASSYSGTGTSPLHF
TCRBV06-05,CASRATKTANYGYTF
TCRBV06-05,CASSRGAGKRTEAFF
TCRBV06-05,CASSYDRGLMNTEAFF
TCRBV06-05,CASSSEGTGETEAFF
TCRBV06-05,CASKAGAGGTNEQYF
TCRBV06-05,CASSYTDRDGYTF
TCRBV18-01,CASSPDLLAYTQYF
TCRBV18-01,CASSTD*PPEQYF
TCRBV18-01,CASSLHKREWVGDEQFF
TCRBV18-01,CASSPPGLSDTEAFF
TCRBV18-01,CASSPAGNNEQFF
TCRBV18-01,CASSPWAGSSEQFF
TCRBV18-01,CASSPAYSGNTIYF
TCRBV18-01,CASSPQDFPADTQYF
TCRBV18-01,CASSPWGGDEQYF
TCRBV18-01,CASSPYAD*NNEQFF
TCRBV18-01,CASSLQGGLAGSSYNEQFF
TCRBV18-01,CASSPPARSRGSNEQYF
TCRBV18-01,CASSRNTGTSSNEQFF
TCRBV18-01,CASSPGGSRNEQFF
TCRBV18-01,CASSRSTDTQYF
TCRBV18-01,CASSPGIEVYEQYF
TCRBV18-01,CASSPPTLYEQYF
TCRBV18-01,CASSPPGRVGDEQFF
TCRBV18-01,CASSPRTPERDTEAFF
TCRBV18-01,CASSPVSGTVNEQFF
TCRBV18-01,CASSPRTGTYNEQFF
TCRBV18-01,CASSPRQGGYTDTQYF
TCRBV18-01,CASSPLTTQATDTQYF
TCRBV18-01,CASSPGQDYEQYF
TCRBV18-01,CASSPPGETQYF
TCRBV18-01,CASSLTGGPPTDTQYF
TCRBV18-01,CASSPGARDTQYF
TCRBV18-01,CASSLTQGDNQPQHF
TCRBV18-01,CASSRDRGGDTQYF
TCRBV18-01,CASSDKGRELYEQYF
TCRBV18-01,CASSSGENTEAFF
TCRBV18-01,CASSPPNRAETGELFF
TCRBV18-01,CASSLEGVTEAFF
TCRBV18-01,CASSPPQGRVYADGYTF
TCRBV18-01,CASSPLTTAYEQYF
TCRBV18-01,CASSEGAYEQYF
TCRBV18-01,CASSPSTGAGGTEAFF
TCRBV18-01,CASSPRTGEIRGISGEQYF
TCRBV18-01,CASSPRRGSGYTF
TCRBV18-01,CASSVTGDGNQPQHF
TCRBV18-01,CASSPGQDYEQYF
TCRBV18-01,CASTPGTGVP*YEQYF
TCRBV18-01,CASSRQLNTEAFF
TCRBV18-01,CASSPDSGEQYF
TCRBV02-01,CASSVGTEAFF
TCRBV02-01,CASSPSSGGAGEQYF
TCRBV02-01,CAGKLAGGTDTQYF
TCRBV02-01,CASSESRPPLHF
TCRBV02-01,CASSGVPFDTEAFF
TCRBV02-01,CASRLYGYTF
TCRBV02-01,CASSEIPVGNQPQHF
TCRBV02-01,CASSDPAGNYEQYF
TCRBV02-01,CARGASGRVDEQFF
TCRBV02-01,CASSGFPRGSEPFYTF
TCRBV02-01,CASSGGPNTEAFF
TCRBV02-01,CASFERAVYNEQFF
TCRBV02-01,CASIPAGGHNEQFF
TCRBV02-01,CASSDVASGVYNEQFF
TCRBV02-01,CASNGEANEQFF
TCRBV02-01,CASSEGLGTGSYEQYF
TCRBV02-01,CASSDVALAGGPDEQFF
TCRBV02-01,CASRGLASGAGEQYF
TCRBV02-01,CASSYYLQETQYF
TCRBV02-01,CASSVTRSNEQFF
TCRBV02-01,CASSEVSEETQYF
TCRBV02-01,CASSESQGLAGELEQFF
TCRBV02-01,CASSETGYNSPLHF
TCRBV02-01,CASSDVASGVYNEQFF
TCRBV02-01,CASRDPAGNYEQYF
TCRBV02-01,CASSVTRSNQQFF
TCRBV02-01,CASSPGTSSYNEQFF
TCRBV02-01,CASREEYF
TCRBV02-01,CASSPEADTQYF
TCRBV02-01,CASSELVGLGNEQFF
TCRBV02-01,CASNVRGSNQPQHF
TCRBV02-01,CASRDPREQYF
TCRBV02-01,CASSEGVNYGYTF
TCRBV02-01,CASGLSEQYF
TCRBV02-01,CASRRAGSGELFF
TCRBV02-01,CASSEDARNTIYF
TCRBV02-01,CASSVSRTNTEAFF
TCRBV02-01,CASREEYF
TCRBV02-01,CASTYGYNSPLHF
TCRBV02-01,CASSGQGNTGELFF
TCRBV02-01,CASSYRQGPYEQYF
TCRBV02-01,CASSEYRVRSPLHF
TCRBV02-01,CASSAGFGNEKLFF
TCRBV02-01,CASGTGANTGELFF
TCRBV02-01,CASSEQGLDTEAFF
TCRBV02-01,CASSARDIDNEQFF
TCRBV02-01,CASSTSFRTGATNTIYF
TCRBV02-01,CASSEQTGTATNQPQHF
TCRBV02-01,CASSGQGNTGELFF
TCRBV02-01,CASSTMMADTQYF
TCRBV02-01,CASSERVKGLWGYTF
TCRBV02-01,CASRDRGEQYF
TCRBV02-01,CASSVVQGGGYTF
TCRBV02-01,CASIPGLGAFGYTF
TCRBV02-01,CASSYRQGPYEQYF
TCRBV02-01,CASREQVASYEQYF
TCRBV02-01,CASSEALGGFSQPQHF
TCRBV02-01,CASSEGRGVYGYTF
TCRBV02-01,CASQDSFSYEQYF
TCRBV02-01,CASSEQGTNEKLFF
TCRBV02-01,CAPPGEQG*SNGTEAFF
TCRBV02-01,CASRGENYGYTF
TCRBV02-01,CASSGQGRNQPQHF
TCRBV02-01,CASIPGRRGAQYF
TCRBV02-01,CARKGKLTGDTEAFF
TCRBV02-01,CASRRTRDEQYF
TCRBV02-01,CASSVRGQTYEQYF
TCRBV05-01,CASSSSGGLYGYTF
TCRBV05-01,CASSLYSNYGYTF
TCRBV05-01,CASSLEGLAGNEQFF
TCRBV05-01,CASSLELLSMNTEAFF
TCRBV05-01,CASSLLNEKLFF
TCRBV05-01,CASSLGVAGAYPHEQYF
TCRBV05-01,CASSLVGGSNQPQHF
TCRBV05-01,CASSLGDWSYNEQFF
TCRBV05-01,CASSLVGGSNQPQHF
TCRBV05-01,CASSSYDGLNTEAFF
TCRBV05-01,CASRSGASSYNEQFF
TCRBV05-01,CASSLGSVNYGYTF
TCRBV05-01,CASREAGGPHEQYF
TCRBV05-01,CASSLGGTSDYEQYF
TCRBV05-01,CASGASGTSGKNEQFF
TCRBV05-01,CASSLAPTSGSGKRTQYF
TCRBV05-01,CASSLVRGGYEQYF
TCRBV05-01,CASSIAREQFF
TCRBV05-01,CASSRGTLFQLGGQETQYF
TCRBV05-01,CASSYLSGGLYNEQFF
TCRBV05-01,CASSLLGPTSGGRVQETQYF
TCRBV05-01,CASSPPLAGGLRETQYF
TCRBV05-01,CASSLLAQQPSGGNEQFF
TCRBV05-01,CASSLSISETQYF
TCRBV05-01,CASSLLGPTNGGRVQETQYF
TCRBV05-01,CASSLAVGTQGLEQYF
TCRBV05-01,CASSADRNSGNTIYF
TCRBV05-01,CASSLEESGNTIYF
TCRBV05-01,CASSLIYGTDSGPLHF
TCRBV05-01,CASSLVGGSNQPQHF
TCRBV05-01,CASSLVGGSNQPQHF
TCRBV05-01,CASSLVGGTNQPQHF
TCRBV05-01,CASRPTGTMNTEAFF
TCRBV05-01,CASSLATKGGQSSYNEQFF
TCRBV05-01,CASSSNPGIGSSYNEQFF
TCRBV05-01,CASSLTLSYNEQFF
TCRBV05-01,CASRMRAAGENSPLHF
TCRBV05-01,CASSLVSGTVNTEAFF
TCRBV05-01,CASSRDHTDTQYF
TCRBV05-01,CASSPRWGNEQFF
TCRBV05-01,CASSLGGGSNQPQHF
TCRBV05-01,CASSQVAGGHNSPLHF
TCRBV05-01,CASSFFGRDSPLHF
TCRBV05-01,CASSLTLSYNEQFF
TCRBV05-01,CASSLSISEPQYF
TCRBV05-01,CKQKTAYEGEKLFF
TCRBV05-01,CASSS*GLEGACGYTF
TCRBV05-01,CASSLGGAGPDTQYF
TCRBV05-01,CASSLAYEGEKLFF
TCRBV05-01,CASTRGGRVENEQFF
TCRBV05-01,CASSLLRTGVDEQFF
TCRBV05-01,CASSWQQASTDTQYF
TCRBV05-01,CASSLSLTGAGDTQYF
TCRBV05-01,CASSPGQGNTGELFF
TCRBV05-01,CASSRRGTGGLQWSEQFF
TCRBV05-01,CASSLEHASTDTQYF
TCRBV05-01,CAST*GETQYF
TCRBV05-01,CASSPDRGGGNTIYF
TCRBV05-01,CASSQQETQYF
TCRBV05-01,CASSPGGLARSYNEQFF
TCRBV05-01,CASRLRFGQGADTQYF
TCRBV05-01,CASSWGGSSYNEQFF
TCRBV05-01,CASSS*GLEGACGYTF
TCRBV05-01,CASSPQDLAERHRNTIYF
TCRBV05-01,CASSLDRANTEAFF
TCRBV05-01,CASSFFDRARNYGYTF
TCRBV05-01,CASGTGYNGELFF
TCRBV05-01,CASSQIDRTYEQYF
TCRBV05-01,CASSITVSDTQYF
TCRBV05-01,CASSLKGAPNQPQHF
TCRBV05-01,CASSLVPGASYEQYF
TCRBV05-01,CASSLTPPGQGINYGYTF
TCRBV05-01,CASSLTGGTEAFF
TCRBV05-01,CASRLRLNTEAFF
TCRBV05-01,CASSLNGQISGNTIYF
TCRBV05-01,CASSKTGSSNQPQHF
TCRBV05-01,CASSLGDRYNEQFF
TCRBV05-01,CASSLDPGGKGYTF
TCRBV05-01,CASSGNRAGSGYTF
TCRBV05-01,CASTYRENEQFF
TCRBV05-01,CASSLVGGSNQPQHF
TCRBV05-01,CASSLARGGLKDGYTF
TCRBV05-01,CASSLDKTGPDTQYF
TCRBV05-01,CASSSDRGLGGELFF
TCRBV11-01,CASSARYTNTEAFF
TCRBV11-01,CASSLPFYEQYF
TCRBV11-01,CASSYRLARVQETQYF
TCRBV11-01,CASSF*SGPRSKPQHF
TCRBV11-01,CASSSPRPRNSYEQYF
TCRBV11-01,CATGGLSYNEQFF
TCRBV11-01,CASSLGARDSLGWTQYF
TCRBV11-01,CASSLGSGGTVYEQYF
TCRBV11-01,CASSSRTGPSEKLFF
TCRBV16-01,CASSSGHGPSYEQYF
TCRBV29-01,CSVVGKRGTDTQYF
TCRBV29-01,CSVRLAGGEQFF
TCRBV29-01,CSVEMARSSYNEQFF
TCRBV29-01,CSPGGVDEAFF
TCRBV29-01,CSVGSTEAFF
TCRBV29-01,CSVEGGGANTEAFF
TCRBV29-01,CSGGGGMNTEAFF
TCRBV29-01,CSVEDWGRTSGGRSSYEQYF
TCRBV29-01,CGTTKQERNTQYF
TCRBV29-01,CSVELAGKNTGELFF
TCRBV29-01,CSVEGGGANTEAFF
TCRBV29-01,CSVENWDYGYTF
TCRBV29-01,CSRRPRWRQPQHF
TCRBV29-01,CSVDLGGRANEKLFF
TCRBV29-01,CSVEEGQGLGDSRFF
TCRBV29-01,CSLSGGSSEQFF
TCRBV29-01,CSVETGDNSPLHF
TCRBV29-01,CSAGRGSETQYF
TCRBV29-01,CSVEGLSSYNEQFF
TCRBV29-01,CSVERRQGLRGYNEQFF
TCRBV29-01,CSVYSISPTNEQFF
TCRBV29-01,CSVEGTDQNEKLFF
TCRBV29-01,CSVGALEDATQYF
TCRBV29-01,CSAKAQESTEAFF
TCRBV29-01,CSAEQENRPYEQYF
TCRBV29-01,CSAGRNTEAFF
TCRBV29-01,CSVEESWDTSGANVLTF
TCRBV29-01,CSVHLGNSNYGYTF
TCRBV29-01,CSVVREGAWTEAFF
TCRBV05-04,CASSLKFPGGGRGYTF
TCRBV05-04,CASSSVGGAGETQYF
TCRBV05-04,CASSSVVPSGNTIYF
TCRBV05-04,CASSLGEHWLSEQFF
TCRBV05-04,CASSWRGAGGYLTDTQYF
TCRBV05-04,CASNAGGSSYNEQFF
TCRBV05-04,CASSAGGGTGIGNEQYF
TCRBV05-04,CASSLGGTTYEQYF
TCRBV05-04,CASSLGVNQPQHF
TCRBV05-04,CASSLDWTSEETQYF
TCRBV05-04,CASSLDGPNTEAFF
TCRBV05-04,CASSKGRRIADTQYF
TCRBV05-04,CASTQNSGVNTEAFF
TCRBV05-04,CASRSGTANSPLHF
TCRBV05-04,CASSLPLEGDILFGEPQYF
TCRBV05-04,CASSLGGGNNEQFF
TCRBV05-04,CASRSGTANSPLHF
TCRBV05-04,CASSAGGGTGIGNEQYF
TCRBV05-04,CATHNGGGSTDTQYF
TCRBV05-04,CASSLPLEGDILFGETQYF
TCRBV05-04,CASSPGTGGVDTQYF
TCRBV05-04,CASSQGAGEVLGELFF
TCRBV05-04,CASSQGDRPWDGYTF
TCRBV05-04,CASSRGQGAGYGYTF
TCRBV05-04,CASSLGGGNNEQFF
TCRBV05-04,CASSLESWAGDGYTF
TCRBV05-04,CASRLNRDGWYTEAFF
TCRBV05-04,CASSLVAGGRTEAFF
TCRBV05-04,CASSPDRLSTGELFF
TCRBV10-02,CASRMAATSTDTQYF
TCRBV10-02,CASRTGTGARKTQYF
TCRBV10-02,CASRTGTDTQYF
TCRBV10-02,CASSEPQGPQHF
TCRBV10-02,CASSELIGVNTEAFF
unresolved,CASSQGLAVYNEQFF
unresolved,CSARGLAGRATGELFF
unresolved,CSARDGREYQPQHF
unresolved,CASSYSIQRGVTGELFF
unresolved,CSARVGLQQETQYF
unresolved,CSLSDRDYPYEQYF
unresolved,CSAESGNTGYGYTF
unresolved,CASRGGSFGANEKLFF
unresolved,CASSPTSGRPPYEQYF
unresolved,CASSDSFPVAADTQYF
unresolved,CSSKRGVNYGYTF
unresolved,CASSKNSGKNEQFF
unresolved,CASSPAGLAATYEQYF
unresolved,CASSQISVSPAFF
unresolved,CASSPREDYNEQYF
unresolved,CSARDRGRGRGTEAFF
unresolved,CSASRPPRGVGEKLFF
unresolved,CSARGGGDYGYTF
unresolved,CASSYSPLLAGGLDEQFF
unresolved,CASSPTGLSSYEQYF
unresolved,CASSQDAGTFYEQYF
unresolved,CSARPSLVSEAFF
unresolved,CSAQRGGPSTDTQYF
unresolved,CASSQVSGELFF
unresolved,CSAYGTSGRTDTQYF
unresolved,CASSQGSGRETQYF
unresolved,CASSPGLAGGPQINEQFF
unresolved,CSANRGIRYEQYF
unresolved,CSASAGVTTDTQYF
unresolved,CSAVTRGAPALAAFF
unresolved,CSARSGTSDYEQYF
unresolved,CASSHESLAVYEQYF
unresolved,CSAARGQETQYF
unresolved,CASSPTGLGNYGYTF
unresolved,CSARERGTNYGYTF
unresolved,CSAREAGWQPQHF
unresolved,CASSPFRTSGSTDTQYF
unresolved,CASSPRQAGGGETQYF
unresolved,CSALGTSGNTGELFF
unresolved,CSARTSGSTKDTQYF
unresolved,CSVKALIAGRQETQYF
unresolved,CSARGTSGRPQETQYF
unresolved,CSASSRLAGGPIQYF
unresolved,CASSQDVIGGAYYNEQFF
unresolved,CASSHRRLAGADTQYF
unresolved,CASSPTPTRRPEQYF
unresolved,CSARSWTSGETDTQYF
unresolved,CSARRLAGGSYNEQFF
unresolved,CSARPTGLAGNEQFF
unresolved,CASSQRTPPQPGGGETQYF
unresolved,CSATLTSAYNEQFF
unresolved,CSARDGLAGKNIQYF
unresolved,CSARVGLAKETQYF
unresolved,CSARPIGVFGEQYF
unresolved,CSARVFAGVPTDTQYF
unresolved,CASSLDSD*REDSYEQYF
unresolved,CSAKWSGSHSYNEQFF
unresolved,CSAISGRSPYEQYF
unresolved,CSGGGQSYGYTF
unresolved,CSASSGSGSRYEQYF
unresolved,CASSPSTSGGQETQYF
unresolved,CSVTSGSYGGNEQFF
unresolved,CASSPTQSGRQETQYF
unresolved,CSAQQRSGSTYEQYF
unresolved,CSASPGLAGGPGYKLRAGELFF
unresolved,CASSQSLYGYTF
unresolved,CASSKRRE*ADTQYF
unresolved,CASTPGA*RQW*KETQYF
unresolved,CSASRLAATDTQYF
unresolved,CSAKVGGGAGRKNIQYF
unresolved,CSARSGTSDYEQYF
unresolved,CSAGTSGSTDTQYF
unresolved,CSARDPWGGWETQYF
unresolved,CASSSPPGLAGVYHTGELFF
unresolved,CASSQGSGRETQYF
unresolved,CSARDLVASGSTDTQYF
unresolved,CSAKAPGWGLPAGANVLTF
unresolved,CASSPFRTSGSTDTQYF
unresolved,CSAPDATLIGTDTQYF
unresolved,CSARGTSGRPQEPQYF
unresolved,CASSARYTNTEAFF
unresolved,CSARRRVAGFGEQFF
unresolved,CSARDREGPAYEQYF
unresolved,CSAMDAVHTEAFF
unresolved,CASSQDLNSGNTIYF
unresolved,CASSPTGTYSYEQYF
unresolved,CSARRGLSYNEQFF
unresolved,CASSKVRGTATYEQYF
unresolved,CASTHSDHYNEQFF
unresolved,CSARVAGQGYTF
unresolved,CASQRWTSSYNSPLHF
unresolved,CSARPLTTTDTQYF
unresolved,CSARDLSSYYEQYF
unresolved,CSARAPTENSHSPLHF
unresolved,CASSRTSVQDRDYGYTF
unresolved,CSADIGAYEQYF
unresolved,CSARDYLGGEDQPQHF
unresolved,CASSQDPVLGIYGYTF
unresolved,CSARTGTYNEQFF
unresolved,CASSQGIIYGYTF
unresolved,CASSPGTGEKLFF
unresolved,CSAPILSGANVLTF
unresolved,CASSQPHVRTNEKLFF
unresolved,CSALYGPQETQYF
unresolved,CSAGRQSLDTQYF
unresolved,CSARGGGTGELFF
unresolved,CSARDLAANTGELFF
unresolved,CASSPPGGTSRGGDTQYF
unresolved,CASSQGTDTQYF
unresolved,CASSATRGSPPYGYTF
unresolved,CSARKGSGNTIYF
unresolved,CASSQVGRGRGPTNEKLFF
unresolved,CSARERNKNYGYTF
unresolved,CSASSGSHQPQHF
unresolved,CASSLGTANQPQHF
unresolved,CSARNGSSYNEQFF
unresolved,CSAKNVG*GDTDTQYF
unresolved,CSARAGPRRFAGELFF
unresolved,CSAKAAGPRTEAFF
unresolved,CSARWTGRGGNEQFF
unresolved,CASSYNRPGRGTDTQYF
unresolved,CSAVTPGAPALAAFF
unresolved,CASSKGKWDRELL*KTVF
unresolved,CSASLSGGRSLGQQFF
unresolved,CRARPGQDYEQYF
unresolved,CASSKVIWVNRIYNEQFF
unresolved,CRATRQGMGSYTF
unresolved,CASSPNRDSPLHF
unresolved,CSARAGRGYNEQFF
unresolved,CSASQGA*DEQFF
unresolved,CASSYLIPLGRTGVHIGNEQFF
unresolved,CSATTGLGNTIYF
unresolved,CASRSGTRRYNSPLHF
unresolved,CSASPPGPRGQPQHF
unresolved,CASSQEGWGLRTDTQYF
unresolved,CASSQGGGGEQYF
unresolved,CSARGRVGTDTQYF
unresolved,CASSRRGGTINQETQYF
unresolved,CSARGTARTYGYTF
unresolved,CASSIHSGGQAPEAFF
unresolved,CSASRGVGTDTQYF
unresolved,CASSLTGSNQPQHF
unresolved,CSAIGAQLSDTQYF
unresolved,CASSQPGQGARGAFF
unresolved,CSASLSGGRSLGEQFF
unresolved,CSARSGQGVSQPQHF
unresolved,CASSQDRDTEAFF
unresolved,CASSQEGRYQETQYF
unresolved,CSALDRRSTDTQYF
unresolved,CASSLPGLGYTF
unresolved,CSATTGTESYQPQHF
unresolved,CASSYLGQNRGNTGELFF
unresolved,CSATGTGSTDTQYF
unresolved,CASSSSFQFIPGDTSYEQYF
unresolved,CASSSRAEGVSSYGYTF
unresolved,CASSKPGQSYEQYF
unresolved,CSAPRQDAIETQYF
unresolved,CSAREVQEGYTF
unresolved,CSARGTGDTEAFF
unresolved,CASSYSSLGQGLGGYTF
unresolved,CSAIRGSRSEQFF
unresolved,CSARPGQDYEQYF
unresolved,CSARQGQGITEAFF
unresolved,CSARRQYNEQFF
unresolved,CSAQDGQMNTEAFF
unresolved,CASSYTLGQGISGKDYGYTF
unresolved,CSVGTGAGSSYNEQFF
unresolved,CSAITGGRTEAFF
unresolved,CASSQAAGRANTEAFF
unresolved,CSATRQGMGSYTF
unresolved,CASSSFLGGQTNTEAFF
unresolved,CSASQAVTGVYGYTF
unresolved,CSAIGVNQETQYF
unresolved,CASSQGGGRGNQPQHF
unresolved,CSARYDRGLYEQYF
unresolved,CASSLRTGRDGNTIYF
unresolved,CASSQVSTGRLAGANVLTF
unresolved,CASSYSPGQGASSEAFF
unresolved,CSASEGEKQGTDTQYF
unresolved,CASSRRGGTEAFF
unresolved,CSARVGRGTYEQYF
unresolved,CASRQTGRGMNTEAFF
unresolved,CSATHRVRGPYEQYF
unresolved,CASSHVDRQKETQYF
TCRBV06-06,CASSYLYRGEQYF
TCRBV06-06,CASSPPGIYGYTF
TCRBV06-06,CASSYGRELNEQYF
TCRBV06-06,CASKSLETQYF
TCRBV06-06,CASSFNYEQYF
TCRBV06-06,CASSYSWLAGTYEQYF
TCRBV06-06,CASSYHSSYEQYF
TCRBV06-06,CASSYLILGADTQYF
TCRBV06-06,CAGSFNYEQYF
TCRBV06-06,CASRSGTSGTNEQFF
TCRBV06-06,CASSWGPRNSPLHF
TCRBV06-06,CASSYSGQTYGYTF
TCRBV06-06,CASSYGTNSGANVLTF
TCRBV06-06,CASSLQGSPLHF
TCRBV06-06,CASNDRSYNEQFF
TCRBV06-06,CASSQSGGGQGTQYF
TCRBV06-06,CASTLRGGEANEKLFF
TCRBV06-06,CATSTGAYNSPLHF
TCRBV06-06,CASSYDRGSSGNTIYF
TCRBV06-06,CASSYDTTYEQYF
TCRBV06-06,CASMQQGARYEQYF
TCRBV06-06,CASTDFRTGVHEQYF
TCRBV06-06,CASSSNIARTGDEQYF
TCRBV06-06,CASSYPETGNYGYTF
TCRBV06-08,CASSYSNVGTDTQYF
TCRBV07-08,CASSSNRLAGDYEQYF
TCRBV07-08,CASSLYGTSGRETQYF
TCRBV07-08,CASSLEIILGGTEAFF
TCRBV07-08,CASTPRGAPAGEQYF
TCRBV07-08,CASSPRAGGAYNEQFF
TCRBV07-08,CASSPWTSGSTDTQYF
TCRBV07-08,CASSLNFLAGRPYNEQFF
TCRBV07-08,CASSLGLVNNEQFF
TCRBV07-08,CASSETSSYEQYF
TCRBV07-08,CASSLTLSRADQPQHF
TCRBV07-08,CASSLNMGVEALHF
TCRBV07-08,CASSLGQTNNQPQHF
TCRBV07-08,CASSLWDGTNEKLFF
TCRBV07-08,CASSLSRGLGFETQYF
TCRBV07-08,CASSLPGTGVNEQYF
TCRBV07-08,CASSFGTAGSGNTIYF
TCRBV07-08,CASSLQARGAGTEAFF
TCRBV07-08,CASSLVGQGVEQYF
TCRBV07-08,CASSPLRGFGTDTQYF
TCRBV07-08,CASSLEEDRRKNTEAFF
TCRBV07-08,CATRQYYGYTF
TCRBV07-08,CASSLGPGNQPQHF
TCRBV14-01,CASSQDRGGQETQYF
TCRBV14-01,CASSQVQREYNEQFF
TCRBV14-01,CASSGRGAPYNEQFF
TCRBV14-01,CASSRRTEMTEAFF
TCRBV14-01,CASSPRDGLNGYTF
TCRBV14-01,CASSPTGGGEQFF
TCRBV14-01,CASSPAGGGEQYF
TCRBV04-01,CASSQGGSGRAFHEQYF
TCRBV04-01,CASSLVGGSNQPQHF
TCRBV04-01,CASSQDRWSF
TCRBV04-01,CASSRTSASYEQYF
TCRBV04-01,CASSQVGGSNQPQHF
TCRBV04-01,CASSQTHVGGTEAFF
TCRBV04-01,CASSQVGTGNTEAFF
TCRBV04-01,CASSQTEMVDTQYF
TCRBV04-01,CASSQEGKSYGYTF
TCRBV04-01,CASSQEGGYYEQYF
TCRBV04-01,CASSPELGQSTNYGYTF
TCRBV04-01,CASAEERGAGYGYTF
TCRBV04-01,CASSQPVLGGDEQFF
TCRBV04-01,CASSQDPGQGNNEQFF
TCRBV04-01,CASSQVGTGDGYTF
TCRBV04-01,CASTPAGQGAGELFF
TCRBV04-01,CASSQESRQGGAGGYTF
TCRBV04-01,CASSRNRDTGELFF
TCRBV04-01,CASSRRKQGKNQPQHF
TCRBV04-01,CASSQVEGTGGALFGYTF
TCRBV04-01,CASSQGDRGNEKLFF
TCRBV04-01,CASSQTGIDDQPQHF
TCRBV04-01,CASSQSLTGNTEAFF
TCRBV07-07,CASSPSQGTNGEQFF
TCRBV07-07,CASSQSAGRRNEQFF
TCRBV07-07,CASSLAPSGPTETYEQYF
TCRBV07-09,CASSLSGYEQYF
TCRBV07-09,CASSLLASTGELFF
TCRBV07-09,CASSPGLAGGVDTQYF
TCRBV07-09,CASSHSGGSIQETQYF
TCRBV07-09,CASSLSPGGNTEAFF
TCRBV07-09,CASSLTSGSYNEQFF
TCRBV07-09,CASSLGGANTGELFF
TCRBV07-09,CASSGILAAGGEQYF
TCRBV07-09,CASSSPWSGEETQYF
TCRBV07-09,CASSLPVSFNYGYTF
TCRBV07-09,CASSSEPSGRYEQYF
TCRBV07-09,CASSLLNQPQHF
TCRBV07-09,CASSFLRSLAGADEQFF
TCRBV07-09,CASSPR*SLSLLVDEQFF
TCRBV07-09,CASSSPGLAGGSQETQYF
TCRBV07-09,CASSSLAGWADEQFF
TCRBV07-09,CASSLDTDSYEQYF
TCRBV07-09,CASSLQRESYNEQFF
TCRBV07-09,CASSFGLRRGNTIYF
TCRBV07-09,CATGGRGNTEAFF
TCRBV07-09,CASSPARLAGESDTQYF
TCRBV07-09,CASSLAAGSNTGELFF
TCRBV07-09,CASSLGGANSYNEQFF
TCRBV07-09,CASSFYTSLGQETQYF
TCRBV07-09,CASSLARPTSERTHNEQFF
TCRBV07-09,CASPGTGSFGYTF
TCRBV07-09,CASSLILAGNQETQYF
TCRBV07-09,CASSLGSTSGGQETQYF
TCRBV07-09,CASSFPSGGAPGGELFF
TCRBV07-09,CASSLDAAYQETQYF
TCRBV07-09,CASSVGRDQETQYF
TCRBV07-09,CASSSPTAITTGELFF
TCRBV07-09,CASSITPGLARNEQFF
TCRBV07-09,CASSPGSNRGYNEKLFF
TCRBV07-09,CASSPGTVGETQYF
TCRBV07-09,CASGLLGGDDYTF
TCRBV07-09,CASTLGGNEQFF
TCRBV07-09,CASSLGGQPQHF
TCRBV07-09,CASSLGSATPGYTF
TCRBV07-09,CASSLGGANTGELFF
TCRBV07-09,CASSLAEQTEQFF
TCRBV07-09,CASNLAGGTYSGANVLTF
TCRBV07-09,CASSLVDYEQYF
TCRBV07-09,CASSLRPRLNTGELFF
TCRBV07-09,CASSTTVVVETQYF
TCRBV07-09,CASSLADEGRDEQYF
TCRBV07-09,CASSGGQGSMPQHF
TCRBV07-09,CASTYNWGNTDTQYF
TCRBV07-09,CASSFGGNEKLFF
TCRBV07-09,CASSFVTSNNEQFF
TCRBV07-09,CASSLLGRADTQYF
TCRBV07-09,CASSSTVDPGVGTDTQYF
TCRBV07-09,CASSWDNEQFF
TCRBV07-09,CASSAGTGGPDTQYF
TCRBV07-09,CASSRAYRGPSNYGCTF
TCRBV07-09,CASSLSGQLQETQYF
TCRBV07-09,CASSLARGTTLSGANVLTF
TCRBV07-09,CASSLATGPSGYTF
TCRBV07-09,CASRYRGNEQFF
TCRBV07-09,CASSFEWGPNTGELFF
TCRBV07-09,CASSGGTVTDTQYF
TCRBV07-09,CASSPIDRGNNEQFF
TCRBV07-09,CASSLQGANIQYF
TCRBV07-09,CASSLATGPSGYTF
TCRBV07-09,CASSLSTNTQYF
TCRBV07-09,CASIRITGTPRQETQYF
TCRBV07-09,CASDEQFF
TCRBV07-09,CASSLQGANIQYF
TCRBV07-09,CASSLEGELNTKAFF
TCRBV07-09,CASSSTQTDKGSNQPQHF
TCRBV07-09,CASSPGGGNRGRTYNEQFF
TCRBV07-09,CASSPQGSYGYTF
TCRBV07-09,CASSSSGTGPYTQYF
TCRBV07-09,CASSLAGTGGQFF
TCRBV07-09,CASSLPGQGPYEQYF
TCRBV07-09,CASSHSRQGRNTEAFF
TCRBV07-09,CASSLAPGQGALVGELFF
TCRBV07-09,CASSRAYRGPSNYGYTF
TCRBV07-09,CASSLGGAQPQHF
TCRBV07-09,CASSPAAGLNEKLFF
TCRBV07-09,CASSRATGTGGYEQYF
TCRBV07-09,CASSYVGQPKNNEQFF
TCRBV07-09,CASTYPGQGMNTEAFF
TCRBV07-09,CASSSRGNEQFF
TCRBV07-09,CASSSAGQGYEQYF
TCRBV07-09,CASSRPGQSNGITEAFF
TCRBV07-09,CASSLGGHAHPPTYEQYF
TCRBV07-09,CASRDRAYEQYF
TCRBV07-09,CASSLEGELNTEAFF
TCRBV07-09,CASSIQGIEGYTF
TCRBV07-09,CASSSLRGRNEKLFF
TCRBV11-03,CASSLVLADTGELFF
TCRBV11-03,CASSLGGAGEQFF
TCRBV11-03,CASSPPHGGGLETQYF
TCRBV11-03,CASSPRDGKNIQYF
TCRBV11-03,CASSLGWAGEQFF
TCRBV11-03,CASSSDAKSYEQYF
TCRBV11-03,CALYGGLV*DTQYF
TCRBV11-03,CASSLDPGFTYEQYF
TCRBV11-03,CASSLGGRLETQYF
TCRBV11-03,CASTSPAERGNHEQYF
TCRBV11-03,CASSDSSGNTIYF
TCRBV11-03,CASSFYREGSGELFF
TCRBV11-03,CASSWTGGETEAFF
TCRBV20-01,CSVPGVEKLFF
TCRBV20-01,CSVGSYEQFF
TCRBV20-01,CSAPHSTEAFF
TCRBV20-01,CSAPERAPRTF
TCRBV20-01,CSGGGGETQYF
TCRBV20-01,CSATRDIQYF
TCRBV20-01,CSAPRGGKLFF
TCRBV20-01,CSARMGDTQYF
TCRBV20-01,CSATRDIQHF
TCRBV20-01,CSASRNEQFF
TCRBV20-01,CSAKQGTQYF
TCRBV05-07,CASSSGRGPSETQYF
TCRBV19-01,CASSLTSNTEAFF
TCRBV19-01,CASSPGTSTYEQYF
TCRBV19-01,CASSFNSNRELFF
TCRBV19-01,CASSIGGGDFNTEAFF
TCRBV19-01,CASSINSNTEAFF
TCRBV19-01,CASSMNSNTEAFF
TCRBV19-01,CASRYSLYGYTF
TCRBV19-01,CASSMMAGGRETQYF
TCRBV19-01,CASSGAGGPSYEQYF
TCRBV19-01,CASSFRDYSNQPQHF
TCRBV19-01,CASSFAYEQYF
TCRBV19-01,CASRPHGLAGGSSYEQYF
TCRBV19-01,CASSAGGEGNQPQHF
TCRBV19-01,CASGGGWTDTQYF
TCRBV19-01,CASSPRPGLSYEQYF
TCRBV19-01,CASSINSNQPQHF
TCRBV19-01,CASTRGGVAGETQYF
TCRBV19-01,CATSAGVETQYF
TCRBV19-01,CASSGLATADTQYF
TCRBV19-01,CASSSGLAGTGELFF
TCRBV19-01,CASRGLGLAEETQYF
TCRBV19-01,CASSHSTGELFF
TCRBV19-01,CASSMRLQETQYF
TCRBV19-01,CASSGAGGPSYEQYF
TCRBV19-01,CASRPRPGLSYEQYF
TCRBV19-01,CASTRGGVAGETQYF
TCRBV19-01,CASSINSNQPQHF
TCRBV19-01,CASSIGVSTDTQYF
TCRBV19-01,CASSVEGLGDTQYF
TCRBV19-01,CASSISSFESQYF
TCRBV19-01,CASLPHTGSNQPQHF
TCRBV19-01,CAIRGRGGEAFF
TCRBV19-01,CASGRSGSNQPQHF
TCRBV19-01,CASRLSSGANVLTF
TCRBV19-01,CASSDDL*VVGHQFF
TCRBV19-01,CASSYDVYGYTF
TCRBV19-01,CASSARAPSYEQYF
TCRBV19-01,CASSRGDNSGNTIYF
TCRBV19-01,CASSFNSNQPQHF
TCRBV19-01,CASSMGVSGELFF
TCRBV19-01,CASRPGPSTDTQYF
TCRBV19-01,CASSSLNRAPSGNTIYF
TCRBV19-01,CASSGTAGNTIYF
TCRBV19-01,CASSSVGGSGANVLTF
TCRBV19-01,CASSLGPLTYEQYF
TCRBV19-01,CASRPGPSTDPQYF
TCRBV19-01,CASSTTTGGTYNEQFF
TCRBV19-01,CASSSGLDRGNSPLHF
TCRBV19-01,CATSLGRAPNNEQFF
TCRBV19-01,CASSIEARQGIPEAFF
TCRBV19-01,CASNPKDRALYNEQFF
TCRBV19-01,CASSISHLGQGNTGELFF
TCRBV19-01,CASSVGQGLNTQYF
TCRBV19-01,CASKGTAQETQYF
TCRBV19-01,CASSIPRAGTVDYNEQFF
TCRBV19-01,CASSIARGHTEAFF
TCRBV19-01,CASKGTGTGGRYTEAFF
TCRBV19-01,CASSDSPTVNTEAFF
TCRBV19-01,CASSRWHEQFF
TCRBV19-01,CASSYRQGAPIAGGYTF
TCRBV19-01,CASSPQGGTGELFF
TCRBV19-01,CASSHSGQGTYEQYF
TCRBV19-01,CASSISWTPATNEKLFF
TCRBV19-01,CASSKDRRLVNSGNTIYF
TCRBV19-01,CASSPSSNQPQHF
TCRBV19-01,CASSIQGAFDEQYF
TCRBV19-01,CASSILGGFYGYTF
TCRBV19-01,CASSILRGAYNEQFF
TCRBV19-01,CASTSWGQNTGELFF
TCRBV19-01,CASSITTGNYEQYF
TCRBV19-01,CASSIEGNQPQHF
TCRBV19-01,CASSMGLLYGYTF
TCRBV19-01,CASSTTRGRPNQPQHF
TCRBV19-01,CASWGPPQYF
TCRBV19-01,CAIWTGRDYGYTF
TCRBV19-01,CASTSRSGGQGEAFF
TCRBV19-01,CASSINSNTEAFF
TCRBV19-01,CASSTLFGQYYEQYF
TCRBV19-01,CASSPGTANQPQHF
TCRBV19-01,CASSPGGGLYEQYF
TCRBV19-01,CASSINSNTEAFF
TCRBV19-01,CASSIGTGGGNEQYF
TCRBV19-01,CASSYNSNQPQHF
TCRBV19-01,CASSLNSNTEAFF
TCRBV19-01,CASSINSNQPQHF
